{
  "properties": {
    "id": {
      "format": "int32",
      "type": "integer",
      "x-ncg": {
        "label": "Id",
        "view": {
          "item": {
            "isDisplayed": true,
            "isGenerated": true,
            "order": 100
          },
          "list": {
            "isDisplayed": true,
            "isGenerated": true,
            "order": 100
          }
        },
        "placeholder": "id",
        "validations": {},
        "type": "integer",
        "format": "int32"
      }
    },
    "someArray": {
      "items": {
        "$ref": "#/definitions/someItem"
      },
      "type": "array",
      "x-ncg": {
        "label": "Some Array",
        "view": {
          "item": {
            "isDisplayed": true,
            "isGenerated": true,
            "order": 100
          },
          "list": {
            "isDisplayed": true,
            "isGenerated": true,
            "order": 100
          }
        },
        "placeholder": "some array",
        "validations": {},
        "type": "array"
      }
    },
    "someBoolean": {
      "type": "boolean",
      "x-ncg": {
        "label": "Some Boolean",
        "view": {
          "item": {
            "isDisplayed": true,
            "isGenerated": true,
            "order": 100
          },
          "list": {
            "isDisplayed": true,
            "isGenerated": true,
            "order": 100
          }
        },
        "placeholder": "some boolean",
        "validations": {},
        "type": "boolean"
      }
    },
    "someDefinitionsObject2": {
      "$ref": "#/definitions/Object2",
      "x-ncg": {
        "label": "Some Definitions Object2",
        "view": {
          "item": {
            "isDisplayed": true,
            "isGenerated": true,
            "order": 100
          },
          "list": {
            "isDisplayed": true,
            "isGenerated": true,
            "order": 100
          }
        },
        "placeholder": "some definitions object2",
        "validations": {}
      }
    },
    "someIntegerInt32": {
      "format": "int32",
      "type": "integer",
      "x-ncg": {
        "label": "Some Integer Int32",
        "view": {
          "item": {
            "isDisplayed": true,
            "isGenerated": true,
            "order": 100
          },
          "list": {
            "isDisplayed": true,
            "isGenerated": true,
            "order": 100
          }
        },
        "placeholder": "some integer int32",
        "validations": {},
        "type": "integer",
        "format": "int32"
      }
    },
    "someNumber": {
      "type": "number",
      "x-ncg": {
        "label": "Some Number",
        "view": {
          "item": {
            "isDisplayed": true,
            "isGenerated": true,
            "order": 100
          },
          "list": {
            "isDisplayed": true,
            "isGenerated": true,
            "order": 100
          }
        },
        "placeholder": "some number",
        "validations": {},
        "type": "number"
      }
    },
    "someNumberDouble": {
      "format": "double",
      "type": "number",
      "x-ncg": {
        "label": "Some Number Double",
        "view": {
          "item": {
            "isDisplayed": true,
            "isGenerated": true,
            "order": 100
          },
          "list": {
            "isDisplayed": true,
            "isGenerated": true,
            "order": 100
          }
        },
        "placeholder": "some number double",
        "validations": {},
        "type": "number",
        "format": "double"
      }
    },
    "someString": {
      "type": "string",
      "x-ncg": {
        "label": "Some String",
        "view": {
          "item": {
            "isDisplayed": true,
            "isGenerated": true,
            "order": 100
          },
          "list": {
            "isDisplayed": true,
            "isGenerated": true,
            "order": 100
          }
        },
        "placeholder": "some string",
        "validations": {},
        "type": "string"
      }
    },
    "someStringDateTime": {
      "format": "date-time",
      "type": "string",
      "x-ncg": {
        "label": "Some String Date Time",
        "view": {
          "item": {
            "isDisplayed": true,
            "isGenerated": true,
            "order": 100
          },
          "list": {
            "isDisplayed": true,
            "isGenerated": true,
            "order": 100
          }
        },
        "placeholder": "some string date time",
        "validations": {},
        "type": "string",
        "format": "date-time"
      }
    },
    "someStringEmail": {
      "format": "email",
      "type": "string",
      "x-ncg": {
        "label": "Some String Email",
        "view": {
          "item": {
            "isDisplayed": true,
            "isGenerated": true,
            "order": 100
          },
          "list": {
            "isDisplayed": true,
            "isGenerated": true,
            "order": 100
          }
        },
        "placeholder": "some string email",
        "validations": {},
        "type": "string",
        "format": "email"
      }
    },
    "someStringUid": {
      "format": "uid",
      "type": "string",
      "x-ncg": {
        "label": "Some String Uid",
        "view": {
          "item": {
            "isDisplayed": true,
            "isGenerated": true,
            "order": 100
          },
          "list": {
            "isDisplayed": true,
            "isGenerated": true,
            "order": 100
          }
        },
        "placeholder": "some string uid",
        "validations": {},
        "type": "string",
        "format": "uid"
      }
    },
    "someStringUri": {
      "format": "uri",
      "type": "string",
      "x-ncg": {
        "label": "Some String Uri",
        "view": {
          "item": {
            "isDisplayed": true,
            "isGenerated": true,
            "order": 100
          },
          "list": {
            "isDisplayed": true,
            "isGenerated": true,
            "order": 100
          }
        },
        "placeholder": "some string uri",
        "validations": {},
        "type": "string",
        "format": "uri"
      }
    }
  },
  "type": "object",
  "x-ncg": {
    "label": "Default Type And Format",
    "isSelected": true,
    "foreignKeys": [
      {
        "key": "someArray",
        "ref": "someItem",
        "nav": "many"
      },
      {
        "key": "someDefinitionsObject2Id",
        "ref": "Object2",
        "nav": "one"
      }
    ]
  }
}